https://qr.page/g/VvQqbz7QWC,2023-07-26T19:31:32Z,0.000000|0.000000
https://linktr.ee/mfnyco?utm_source=qr_code,2023-07-26T19:31:53Z,0.000000|0.000000
https://linktr.ee/floristfarms,2023-07-26T19:32:30Z,0.000000|0.000000
https://qrcodes.pro/nCWvt4,2023-07-26T19:32:38Z,0.000000|0.000000
https://qrstud.io/uzznmhm,2023-07-26T19:33:17Z,0.000000|0.000000
0850038234447,2023-07-26T19:33:40Z,0.000000|0.000000
https://qrcodedynamic.com/dew6xtz50e,2023-07-26T19:34:30Z,0.000000|0.000000
https://qrcodedynamic.com/dew6xtz50e,2023-07-26T19:34:44Z,0.000000|0.000000
fhnycoas.com,2023-07-26T19:34:54Z,0.000000|0.000000
https://linktr.ee/floristfarms,2023-07-26T19:35:12Z,0.000000|0.000000
0810139760009,2023-07-26T19:35:30Z,0.000000|0.000000
00085,2023-07-26T19:36:05Z,0.000000|0.000000
0850038234560,2023-07-26T19:36:15Z,0.000000|0.000000
https://linktr.ee/floristfarms,2023-07-26T19:36:29Z,0.000000|0.000000
URL:http://www.rosenewyork.com/,2023-07-26T19:40:28Z,0.000000|0.000000
URL:http://www.rosenewyork.com/,2023-07-26T19:40:59Z,0.000000|0.000000
https://qr.page/g/4uQOYQPXoGY,2023-07-26T19:41:33Z,0.000000|0.000000
https://qr1.be/EP74,2023-07-26T19:41:44Z,0.000000|0.000000
https://qrstud.io/hl3lwo7,2023-07-26T19:42:13Z,0.000000|0.000000
https://linktr.ee/headandheal,2023-07-26T19:42:35Z,0.000000|0.000000
https://linktr.ee/headandheal,2023-07-26T19:43:34Z,0.000000|0.000000
https://linktr.ee/headandheal,2023-07-26T19:43:44Z,0.000000|0.000000
http://www.mycoa.info,2023-07-26T19:44:05Z,0.000000|0.000000
http://www.mycoa.info,2023-07-26T19:44:38Z,0.000000|0.000000
http://www.mycoa.info,2023-07-26T19:44:47Z,0.000000|0.000000
https://linktr.ee/blotterbrand,2023-07-26T19:45:13Z,0.000000|0.000000
http://www.mycoa.info,2023-07-26T19:45:46Z,0.000000|0.000000
https://linktr.ee/blotterbrand,2023-07-26T19:46:10Z,0.000000|0.000000
https://linktr.ee/blotterbrand,2023-07-26T19:46:22Z,0.000000|0.000000
https://qrcodes.pro/UWOE18,2023-07-26T19:46:40Z,0.000000|0.000000
https://qrcodes.pro/UWOE18,2023-07-26T19:46:53Z,0.000000|0.000000
https://qrcodes.pro/UWOE18,2023-07-26T19:46:59Z,0.000000|0.000000
https://qrstud.io/3tdd2qg,2023-07-26T19:47:26Z,0.000000|0.000000
https://qr.page/g/2xdSBpsA7gR,2023-07-26T19:47:57Z,0.000000|0.000000
https://qrstud.io/hl3lwo7,2023-07-26T19:49:59Z,0.000000|0.000000
00080,2023-07-26T19:50:48Z,0.000000|0.000000
https://www.harneybrotherscannabis.com/,2023-07-26T19:51:08Z,0.000000|0.000000
https://qrcodes.pro/17AGDO,2023-07-26T19:52:15Z,0.000000|0.000000
https://qrcodes.pro/FYlqlJ,2023-07-26T19:52:25Z,0.000000|0.000000
00139,2023-07-26T19:52:46Z,0.000000|0.000000
https://linktr.ee/floristfarms,2023-07-26T19:53:17Z,0.000000|0.000000
https://linktr.ee/floristfarms,2023-07-26T19:53:22Z,0.000000|0.000000
https://linktr.ee/floristfarms,2023-07-26T19:53:28Z,0.000000|0.000000
https://linktr.ee/floristfarms,2023-07-26T19:53:53Z,0.000000|0.000000
https://linktr.ee/floristfarms,2023-07-26T19:54:04Z,0.000000|0.000000
https://linktr.ee/floristfarms,2023-07-26T19:54:24Z,0.000000|0.000000
https://linktr.ee/floristfarms,2023-07-26T19:55:02Z,0.000000|0.000000
